Generation,Gate Delay (ps),Interconnect delay (ps)
1,17.54189944,0.67039106
2,13.18435754,0.89385475
3,9.162011173,1.34078212
4,6.703910615,2.23463687
5,5.027932961,3.46368715
6,3.240223464,6.48044693
7,2.346368715,10.726257